text,positive_prob,negative_prob,confidence
我爱祖国,0.949346,0.0506543,0.887435
我不爱祖国,0.0182102,0.98179,0.959533
